id,area,sum_of_area_of_neighbor_device,height,width,device_type
0,2.26195e+08,4.60051e+08,27720,8160,2
1,1.65581e+07,4.89189e+08,4704,3520,0
2,1.65581e+07,4.89189e+08,4704,3520,0
3,2.17298e+08,6.77349e+08,14448,15040,1
4,1.25798e+07,4.5696e+07,6552,1920,2
5,2.17298e+08,6.77349e+08,14448,15040,1
6,2.26195e+08,4.60051e+08,27720,8160,2
