id,area,sum_of_area_of_neighbor_device,height,width,device_type
0,7.5264e+06,3.31162e+07,4704,1600,0
1,7.5264e+06,3.31162e+07,4704,1600,0
2,7.5264e+06,3.31162e+07,4704,1600,0
3,1.0537e+07,3.31162e+07,4704,2240,0
