id,area,sum_of_area_of_neighbor_device,height,width,device_type
0,7.5264e+06,7.07482e+07,4704,1600,0
1,7.5264e+06,5.56954e+07,4704,1600,0
2,7.5264e+06,6.32218e+07,4704,1600,0
3,7.5264e+06,4.51584e+07,4704,1600,0
4,7.5264e+06,7.07482e+07,4704,1600,0
5,7.5264e+06,7.07482e+07,4704,1600,0
6,7.5264e+06,6.32218e+07,4704,1600,0
7,1.0537e+07,6.32218e+07,4704,2240,3
8,7.5264e+06,5.26848e+07,4704,1600,0
9,7.5264e+06,5.56954e+07,4704,1600,0
