id,area,sum_of_area_of_neighbor_device,height,width,device_type
0,1.65581e+07,1.15907e+08,4704,3520,3
1,1.8816e+07,1.49023e+08,11760,1600,0
2,6.02112e+06,1.09885e+08,4704,1280,0
3,6.02112e+06,1.64076e+08,4704,1280,0
4,6.02112e+07,1.77623e+08,11760,5120,3
5,6.02112e+06,1.09885e+08,4704,1280,0
6,6.02112e+06,1.64076e+08,4704,1280,0
7,4.29005e+07,1.41496e+08,7056,6080,3
8,7.5264e+06,1.65581e+08,4704,1600,3
9,7.5264e+06,1.34723e+08,4704,1600,3
