id,area,sum_of_area_of_neighbor_device,height,width,device_type
0,1.36282e+07,1.28863e+08,6552,2080,2
1,1.36282e+07,1.28863e+08,6552,2080,2
2,3.38688e+07,3.34333e+08,7056,4800,3
3,3.38688e+07,3.34333e+08,7056,4800,3
4,2.03213e+07,3.07077e+08,7056,2880,0
5,4.29005e+07,3.07077e+08,7056,6080,0
6,3.38688e+07,3.34333e+08,7056,4800,3
7,2.03213e+07,3.07077e+08,7056,2880,0
8,4.29005e+07,3.07077e+08,7056,6080,0
9,7.90272e+07,3.07077e+08,7056,11200,3
