id,area,sum_of_area_of_neighbor_device,height,width,device_type
0,3.38688e+07,2.37243e+08,7056,4800,3
1,1.36282e+07,9.49939e+07,6552,2080,2
2,1.36282e+07,9.49939e+07,6552,2080,2
3,2.03213e+07,2.09987e+08,7056,2880,0
4,4.29005e+07,2.09987e+08,7056,6080,0
5,3.38688e+07,2.37243e+08,7056,4800,3
6,7.90272e+07,2.09987e+08,7056,11200,3
